id,title,author,price,genre,cover,description,rating,year
1,Лабиринт гнева,Айзек Азимов,894.66,Фантастика,https://example.com/covers/book_1.jpg,Увлекательное приключение с неожиданным концом.,4.3,1978
2,Мир тумана,Лев Толстой,966.74,Фэнтези,https://example.com/covers/book_2.jpg,Откровенный рассказ о внутренней борьбе.,3.4,1960
3,Мир тишины,Джоан Роулинг,785.18,Приключения,https://example.com/covers/book_3.jpg,Увлекательное приключение с неожиданным концом.,3.8,2004
4,Тень гнева,Лев Толстой,328.83,Приключения,https://example.com/covers/book_4.jpg,"Захватывающий роман о поиске себя в мире, полном загадок.",4.0,1999
5,Мир будущего,Рэй Брэдбери,1153.76,Саморазвитие,https://example.com/covers/book_5.jpg,Увлекательное приключение с неожиданным концом.,4.8,1965
6,Время души,Лев Толстой,1026.5,Научная литература,https://example.com/covers/book_6.jpg,Путешествие героя сквозь время и пространство.,3.6,1953
7,Тайна мира,Джоан Роулинг,1095.69,История,https://example.com/covers/book_7.jpg,"Книга, которая меняет взгляд на привычные вещи.",3.4,1968
8,Мир тумана,Харуки Мураками,1144.23,История,https://example.com/covers/book_8.jpg,Увлекательное приключение с неожиданным концом.,3.7,1985
9,Тень воли,Фёдор Достоевский,626.77,Детская литература,https://example.com/covers/book_9.jpg,Путешествие героя сквозь время и пространство.,3.1,1980
10,Тайна тишины,Рэй Брэдбери,1353.78,Приключения,https://example.com/covers/book_10.jpg,"Книга, которая меняет взгляд на привычные вещи.",4.4,1980
11,Огонь времени,Фёдор Достоевский,985.64,Научная литература,https://example.com/covers/book_11.jpg,Откровенный рассказ о внутренней борьбе.,4.7,1993
12,Тайна будущего,Джордж Оруэлл,1356.91,Роман,https://example.com/covers/book_12.jpg,"Мистика, переплетённая с реальностью.",3.9,2000
13,Свет гнева,Рэй Брэдбери,432.99,Научная литература,https://example.com/covers/book_13.jpg,Поиск истины через призму вымышленного мира.,3.6,2016
14,Свет времени,Харуки Мураками,940.0,Саморазвитие,https://example.com/covers/book_14.jpg,"Философские размышления, замаскированные под детектив.",4.3,1990
15,Мир воли,Михаил Булгаков,939.09,Фантастика,https://example.com/covers/book_15.jpg,"Захватывающий роман о поиске себя в мире, полном загадок.",3.8,1961
16,Тайна прошлого,Харуки Мураками,900.27,Саморазвитие,https://example.com/covers/book_16.jpg,Современная проза с элементами фантастики.,4.5,1994
17,Лабиринт тишины,Джордж Оруэлл,1232.36,Бизнес,https://example.com/covers/book_17.jpg,"Философские размышления, замаскированные под детектив.",4.3,1962
18,Путь реальности,Харуки Мураками,1261.73,Детская литература,https://example.com/covers/book_18.jpg,"Захватывающий роман о поиске себя в мире, полном загадок.",4.3,1955
19,Тень тумана,Джоан Роулинг,1103.01,Научная литература,https://example.com/covers/book_19.jpg,"Философские размышления, замаскированные под детектив.",3.4,2008
20,Тайна будущего,Айзек Азимов,512.74,История,https://example.com/covers/book_20.jpg,"Книга, которая меняет взгляд на привычные вещи.",4.1,2002
21,Лабиринт реальности,Рэй Брэдбери,805.46,Роман,https://example.com/covers/book_21.jpg,"Книга, которая меняет взгляд на привычные вещи.",3.3,1959
22,Звезда гнева,Фёдор Достоевский,387.82,Приключения,https://example.com/covers/book_22.jpg,"Мистика, переплетённая с реальностью.",4.2,1979
23,Огонь будущего,Айзек Азимов,515.99,История,https://example.com/covers/book_23.jpg,"Захватывающий роман о поиске себя в мире, полном загадок.",3.9,1996
24,Звезда реальности,Харуки Мураками,1330.45,Саморазвитие,https://example.com/covers/book_24.jpg,Откровенный рассказ о внутренней борьбе.,4.8,2014
25,Тайна гнева,Айзек Азимов,344.05,Фантастика,https://example.com/covers/book_25.jpg,"Мистика, переплетённая с реальностью.",4.3,2007
26,Звезда прошлого,Харуки Мураками,733.2,Фантастика,https://example.com/covers/book_26.jpg,Увлекательное приключение с неожиданным концом.,3.2,1967
27,Свет прошлого,Харуки Мураками,1264.25,Научная литература,https://example.com/covers/book_27.jpg,Современная проза с элементами фантастики.,3.7,1961
28,Звезда прошлого,Эрих Мария Ремарк,628.27,История,https://example.com/covers/book_28.jpg,"Мистика, переплетённая с реальностью.",3.9,1984
29,Звезда будущего,Джордж Оруэлл,689.58,Фантастика,https://example.com/covers/book_29.jpg,Путешествие героя сквозь время и пространство.,4.6,1999
30,Голос гнева,Харуки Мураками,1088.95,Детская литература,https://example.com/covers/book_30.jpg,Современная проза с элементами фантастики.,3.1,1972
31,Тень тумана,Лев Толстой,1341.7,Фэнтези,https://example.com/covers/book_31.jpg,Путешествие героя сквозь время и пространство.,3.0,1991
32,Огонь реальности,Джордж Оруэлл,672.23,Фэнтези,https://example.com/covers/book_32.jpg,"Мистика, переплетённая с реальностью.",4.9,2001
33,Огонь гнева,Рэй Брэдбери,678.29,Фэнтези,https://example.com/covers/book_33.jpg,"Книга, которая меняет взгляд на привычные вещи.",4.1,2016
34,Тень тишины,Лев Толстой,1203.91,Саморазвитие,https://example.com/covers/book_34.jpg,"Книга, которая меняет взгляд на привычные вещи.",3.7,2002
35,Огонь тишины,Джоан Роулинг,1497.82,Фантастика,https://example.com/covers/book_35.jpg,"Захватывающий роман о поиске себя в мире, полном загадок.",4.9,2003
36,Тайна тумана,Фёдор Достоевский,576.29,Фэнтези,https://example.com/covers/book_36.jpg,Поиск истины через призму вымышленного мира.,4.1,1970
37,Тайна тишины,Джордж Оруэлл,1457.7,Саморазвитие,https://example.com/covers/book_37.jpg,История о выборе между добром и злом.,4.1,1982
38,Тайна времени,Стивен Кинг,665.35,История,https://example.com/covers/book_38.jpg,Путешествие героя сквозь время и пространство.,3.8,1952
39,Тень тишины,Айзек Азимов,746.87,Детектив,https://example.com/covers/book_39.jpg,История о выборе между добром и злом.,3.9,1950
40,Голос реальности,Лев Толстой,759.01,Бизнес,https://example.com/covers/book_40.jpg,Увлекательное приключение с неожиданным концом.,4.6,1990
41,Лабиринт воли,Джордж Оруэлл,328.28,Приключения,https://example.com/covers/book_41.jpg,"Захватывающий роман о поиске себя в мире, полном загадок.",4.9,1977
42,Голос мира,Рэй Брэдбери,1005.51,Детектив,https://example.com/covers/book_42.jpg,Откровенный рассказ о внутренней борьбе.,4.8,1963
43,Путь воли,Джордж Оруэлл,611.61,Приключения,https://example.com/covers/book_43.jpg,"Философские размышления, замаскированные под детектив.",5.0,2003
44,Свет воли,Рэй Брэдбери,944.04,Научная литература,https://example.com/covers/book_44.jpg,"Захватывающий роман о поиске себя в мире, полном загадок.",4.5,1968
45,Свет тумана,Михаил Булгаков,988.08,Детская литература,https://example.com/covers/book_45.jpg,"Мистика, переплетённая с реальностью.",4.2,2005
46,Тайна гнева,Михаил Булгаков,511.23,Приключения,https://example.com/covers/book_46.jpg,"Книга, которая меняет взгляд на привычные вещи.",4.6,1977
47,Огонь мира,Рэй Брэдбери,1066.4,Детская литература,https://example.com/covers/book_47.jpg,История о выборе между добром и злом.,4.0,1951
48,Лабиринт воли,Стивен Кинг,1139.17,История,https://example.com/covers/book_48.jpg,Современная проза с элементами фантастики.,3.9,1960
49,Время души,Стивен Кинг,811.17,Фэнтези,https://example.com/covers/book_49.jpg,Современная проза с элементами фантастики.,3.6,1979
50,Тень тишины,Михаил Булгаков,382.51,Саморазвитие,https://example.com/covers/book_50.jpg,Увлекательное приключение с неожиданным концом.,4.0,2013
51,Тень будущего,Айзек Азимов,411.81,Приключения,https://example.com/covers/book_51.jpg,Путешествие героя сквозь время и пространство.,3.5,1953
52,Звезда реальности,Лев Толстой,611.56,Саморазвитие,https://example.com/covers/book_52.jpg,"Мистика, переплетённая с реальностью.",3.2,1956
53,Голос реальности,Фёдор Достоевский,316.18,Детская литература,https://example.com/covers/book_53.jpg,"Книга, которая меняет взгляд на привычные вещи.",3.9,2020
54,Тайна реальности,Рэй Брэдбери,1433.59,Бизнес,https://example.com/covers/book_54.jpg,Путешествие героя сквозь время и пространство.,3.3,1955
55,Тень времени,Стивен Кинг,1345.14,История,https://example.com/covers/book_55.jpg,Поиск истины через призму вымышленного мира.,4.7,1984
56,Тайна времени,Харуки Мураками,1131.2,Фэнтези,https://example.com/covers/book_56.jpg,Путешествие героя сквозь время и пространство.,3.2,1980
57,Путь будущего,Михаил Булгаков,1050.81,История,https://example.com/covers/book_57.jpg,История о выборе между добром и злом.,4.5,1950
58,Лабиринт гнева,Джоан Роулинг,1148.81,Приключения,https://example.com/covers/book_58.jpg,Современная проза с элементами фантастики.,4.0,1983
59,Свет тумана,Лев Толстой,459.11,Фэнтези,https://example.com/covers/book_59.jpg,Современная проза с элементами фантастики.,3.7,2005
60,Тайна воли,Михаил Булгаков,699.28,Детская литература,https://example.com/covers/book_60.jpg,"Книга, которая меняет взгляд на привычные вещи.",3.2,2002
61,Тайна гнева,Джордж Оруэлл,697.32,Приключения,https://example.com/covers/book_61.jpg,Поиск истины через призму вымышленного мира.,3.2,1950
62,Лабиринт воли,Лев Толстой,342.39,Фантастика,https://example.com/covers/book_62.jpg,"Философские размышления, замаскированные под детектив.",4.1,1984
63,Лабиринт мира,Айзек Азимов,407.61,Фантастика,https://example.com/covers/book_63.jpg,"Философские размышления, замаскированные под детектив.",3.5,1958
64,Мир времени,Лев Толстой,1491.0,Фантастика,https://example.com/covers/book_64.jpg,Современная проза с элементами фантастики.,4.3,1996
65,Мир времени,Харуки Мураками,1445.41,Роман,https://example.com/covers/book_65.jpg,"Книга, которая меняет взгляд на привычные вещи.",4.5,2020
66,Голос реальности,Стивен Кинг,386.58,Фантастика,https://example.com/covers/book_66.jpg,Откровенный рассказ о внутренней борьбе.,3.7,2000
67,Лабиринт тишины,Эрих Мария Ремарк,523.76,Роман,https://example.com/covers/book_67.jpg,Путешествие героя сквозь время и пространство.,3.1,1964
68,Голос воли,Айзек Азимов,836.79,Приключения,https://example.com/covers/book_68.jpg,Увлекательное приключение с неожиданным концом.,4.1,1990
69,Свет тишины,Лев Толстой,1302.74,Детектив,https://example.com/covers/book_69.jpg,Откровенный рассказ о внутренней борьбе.,3.4,2020
70,Огонь мира,Михаил Булгаков,1370.64,Приключения,https://example.com/covers/book_70.jpg,История о выборе между добром и злом.,4.8,1974
71,Тайна тумана,Харуки Мураками,1081.75,Фэнтези,https://example.com/covers/book_71.jpg,"Книга, которая меняет взгляд на привычные вещи.",4.5,1962
72,Тайна воли,Лев Толстой,580.63,Детектив,https://example.com/covers/book_72.jpg,Современная проза с элементами фантастики.,4.4,1983
73,Время реальности,Стивен Кинг,1077.47,Бизнес,https://example.com/covers/book_73.jpg,Увлекательное приключение с неожиданным концом.,3.9,1988
74,Тень времени,Лев Толстой,477.4,Детская литература,https://example.com/covers/book_74.jpg,"Книга, которая меняет взгляд на привычные вещи.",4.4,1973
75,Огонь души,Джордж Оруэлл,434.61,Бизнес,https://example.com/covers/book_75.jpg,"Захватывающий роман о поиске себя в мире, полном загадок.",3.4,2018
76,Мир реальности,Фёдор Достоевский,666.72,Фантастика,https://example.com/covers/book_76.jpg,"Захватывающий роман о поиске себя в мире, полном загадок.",4.1,2012
77,Звезда воли,Джордж Оруэлл,788.92,Саморазвитие,https://example.com/covers/book_77.jpg,"Книга, которая меняет взгляд на привычные вещи.",3.1,2006
78,Тайна мира,Фёдор Достоевский,1064.54,Фэнтези,https://example.com/covers/book_78.jpg,Поиск истины через призму вымышленного мира.,4.2,1952
79,Время реальности,Фёдор Достоевский,708.38,Детская литература,https://example.com/covers/book_79.jpg,Откровенный рассказ о внутренней борьбе.,3.0,2014
80,Тень тумана,Михаил Булгаков,1203.21,Фэнтези,https://example.com/covers/book_80.jpg,"Философские размышления, замаскированные под детектив.",4.1,2002
81,Тень будущего,Михаил Булгаков,342.61,Роман,https://example.com/covers/book_81.jpg,"Мистика, переплетённая с реальностью.",3.0,2000
82,Время мира,Стивен Кинг,1160.09,Фантастика,https://example.com/covers/book_82.jpg,Путешествие героя сквозь время и пространство.,4.1,2022
83,Тайна тумана,Джоан Роулинг,1159.33,Саморазвитие,https://example.com/covers/book_83.jpg,История о выборе между добром и злом.,3.1,1966
84,Голос тишины,Джоан Роулинг,796.39,Фантастика,https://example.com/covers/book_84.jpg,История о выборе между добром и злом.,3.1,1986
85,Огонь тишины,Харуки Мураками,319.31,Детская литература,https://example.com/covers/book_85.jpg,Путешествие героя сквозь время и пространство.,3.1,1995
86,Свет воли,Стивен Кинг,853.04,Роман,https://example.com/covers/book_86.jpg,"Книга, которая меняет взгляд на привычные вещи.",3.9,1966
87,Звезда гнева,Михаил Булгаков,865.26,Приключения,https://example.com/covers/book_87.jpg,Поиск истины через призму вымышленного мира.,3.5,2022
88,Тайна гнева,Харуки Мураками,911.14,Приключения,https://example.com/covers/book_88.jpg,Путешествие героя сквозь время и пространство.,4.6,1993
89,Тайна будущего,Михаил Булгаков,726.57,Приключения,https://example.com/covers/book_89.jpg,Современная проза с элементами фантастики.,4.9,1976
90,Время души,Эрих Мария Ремарк,724.47,Детская литература,https://example.com/covers/book_90.jpg,Увлекательное приключение с неожиданным концом.,3.3,2011
91,Свет реальности,Лев Толстой,1494.01,Фэнтези,https://example.com/covers/book_91.jpg,История о выборе между добром и злом.,4.4,1978
92,Тень тишины,Эрих Мария Ремарк,1229.3,Бизнес,https://example.com/covers/book_92.jpg,"Мистика, переплетённая с реальностью.",3.3,1997
93,Голос тишины,Лев Толстой,723.88,История,https://example.com/covers/book_93.jpg,Поиск истины через призму вымышленного мира.,4.8,2006
94,Лабиринт будущего,Джоан Роулинг,592.45,Фантастика,https://example.com/covers/book_94.jpg,"Мистика, переплетённая с реальностью.",3.2,1973
95,Свет тумана,Стивен Кинг,1286.16,Научная литература,https://example.com/covers/book_95.jpg,Современная проза с элементами фантастики.,4.8,1961
96,Тайна тумана,Михаил Булгаков,1082.94,Саморазвитие,https://example.com/covers/book_96.jpg,История о выборе между добром и злом.,3.7,1952
97,Звезда тумана,Фёдор Достоевский,526.23,Саморазвитие,https://example.com/covers/book_97.jpg,"Захватывающий роман о поиске себя в мире, полном загадок.",3.0,1973
98,Огонь души,Рэй Брэдбери,691.45,Научная литература,https://example.com/covers/book_98.jpg,Современная проза с элементами фантастики.,4.4,1974
99,Лабиринт реальности,Лев Толстой,1186.94,Детская литература,https://example.com/covers/book_99.jpg,"Мистика, переплетённая с реальностью.",4.5,2023
100,Голос реальности,Джоан Роулинг,376.34,Детектив,https://example.com/covers/book_100.jpg,Современная проза с элементами фантастики.,5.0,1955
